Title,URL,Snippet
Canoo - Wikipedia,"https://en.wikipedia.org/wiki/Canoo#:~:text=Canoo%20Inc.%20is%20an%20American,operations%20are%20in%20Justin%2C%20Texas.",
"Canoe Market Size, Growth & Trends Report [2024-2030]",https://www.linkedin.com/pulse/canoe-market-size-growth-trends-report-2024-2030-dj66f,
"Canoe Market Size In 2023 : Share, Trends, Opportunities ...",https://www.linkedin.com/pulse/canoe-market-size-2023-share-trends-opportunities,
About Us - Leading Technology and Automotive Company,https://www.canoo.com/about/,
Electric Vehicle Company Canoo To List On Nasdaq ...,https://www.press.canoo.com/press-release/merger-announcement,
AI/ML Engineering Intern,https://29b2eb86d7.clvaw-cdnwnd.com/18b93d4bb4f77ddec8c75f8adc4f29dc/200001185-d3b5ed3b61/Internship_Assignment_Coding2024.pdf?ph=29b2eb86d7,
Global Canoe and Kayak Market â€“ Industry Trends ...,https://www.databridgemarketresearch.com/reports/global-canoe-and-kayak-market,
Canoo Unveils Fully-Electric Multi-Purpose Delivery ...,https://www.press.canoo.com/press-release/mpdv,
Canoo Successfully Expands Zeeba's Fleet with Electric ...,https://www.press.canoo.com/press-release/canoo-successfully-expands-zeebas-fleet-with-electric-vehicles,
Automotive industry in the United States - statistics & facts,https://www.statista.com/topics/1721/us-automotive-industry/,
Marketing Mix Analysis of Canoo Inc. (GOEV),https://dcf.fm/blogs/blog/goev-marketing-mix,
Internship Assignment 2024 Coding Challenge,https://www.lizmotors.com/internship-coding-assignment2024/,
What are the Michael Porter's Five Forces of Canoo Inc. ...,https://dcf.fm/blogs/blog/goev-porters-five-forces-analysis,
Canoo Inc. - Finpedia,https://finpedia.co/bin/Canoo%20Inc./,
CANOO INC. MANAGEMENT'S DISCUSSION AND ...,https://in.marketscreener.com/quote/stock/CANOO-INC-57291647/news/CANOO-INC-MANAGEMENT-S-DISCUSSION-AND-ANALYSIS-OF-FINANCIAL-CONDITION-AND-RESULTS-OF-OPERATIONS-f-43386654/,
AI/ML Engineering Intern,https://29b2eb86d7.clvaw-cdnwnd.com/18b93d4bb4f77ddec8c75f8adc4f29dc/200001185-d3b5ed3b61/Internship_Assignment_Coding2024.pdf?ph=29b2eb86d7,
Petition filed by Canoo Inc. in the Delaware ...,https://www.sec.gov/Archives/edgar/data/1750153/000121390023011578/ea173431ex99-1_canooinc.htm,
goev-20211231,https://investors.canoo.com/sec-filings/all-sec-filings/content/0001628280-22-004514/goev-20211231.htm,
"Canoo Inc (GOEV) - Strategy, SWOT and Corporate ...",https://store.marketline.com/report/canoo-inc-swot-analysis/,
goev-20221231,https://investors.canoo.com/sec-filings/all-sec-filings/content/0001628280-23-009932/goev-20221231.htm,
The Evolution of Consumer Behavior: Marketing Trends to ...,https://www.linkedin.com/pulse/evolution-consumer-behavior-marketing-trends-stay-ahead,
Market Trends,https://www.mikevestil.com/market-trends/,
Trends and changes in consumer,https://fastercapital.com/startup-topic/trends-and-changes-in-consumer.html,
The Impact of Technology on Consumer Behaviour,https://www.thekeenfolks.com/blog-article/the-impact-of-technology-on-consumer-behaviour,
Navigating the Shifting Tides: Consumer Behaviour Trends,https://www.market-xcel.com/blogs/navigating-the-shifting-tides-consumer-behaviour-trends,
The Power of Online Sales Research in Identifying Market ...,https://aicontentfy.com/en/blog/power-of-online-sales-research-in-identifying-market-trends,
Key Marketing Trends in 2023,https://growthnatives.com/blogs/digital-marketing/what-are-the-key-marketing-trends/,
Consumer behavior: Understanding Industry Trends ...,https://fastercapital.com/content/Consumer-behavior--Understanding-Industry-Trends-through-Consumer-Behavior-Patterns.html,
What are the key trends and consumer preferences in our ...,https://www.quora.com/What-are-the-key-trends-and-consumer-preferences-in-our-industry-and-how-can-we-adapt-our-products-or-services-to-meet-these-changing-demands,
Technological Innovation in Marketing and its Effect on ...,https://www.researchgate.net/publication/374436215_Technological_Innovation_in_Marketing_and_its_Effect_on_Consumer_Behaviour,
Income Statement :: Canoo Inc. (GOEV),https://investors.canoo.com/financial-information/income-statement,
"January 25, 2021",https://www.sec.gov/Archives/edgar/data/1750153/000121390021004077/f424b30121_canooinc.htm,
Canoo Inc. Financial Statements - GOEV,https://www.wsj.com/market-data/quotes/GOEV/financials,
Canoo Inc. - Finpedia,https://finpedia.co/bin/Canoo%20Inc./,
Canoo Inc (GOEV) Financial Summary,https://in.investing.com/equities/hennessy-capital-acquisition-corp-financial-summary,
Internship Assignment 2024 Coding Challenge,https://www.lizmotors.com/internship-coding-assignment2024/,
FORM 10-K CANOO INC.,https://investors.canoo.com/sec-filings/all-sec-filings/content/0001628280-23-009932/0001628280-23-009932.pdf,
CANOO INC. ANNOUNCES FIRST QUARTER 2023 ...,https://www.prnewswire.com/news-releases/canoo-inc-announces-first-quarter-2023-results-301825198.html,
Canoo Inc Financial Report Information,https://www.globaldata.com/company-profile/canoo-inc/financials/,
Electric Vehicle Company Canoo To List On Nasdaq ...,https://www.prnewswire.com/news-releases/electric-vehicle-company-canoo-to-list-on-nasdaq-through-merger-with-hennessy-capital-acquisition-corp-iv-301113866.html,
